DB|Table|Concat|ID||||||||
MA_NorthWindDB|[Order Details]|MA_NorthWindDB[Order Details]|0||||||||
MA_NorthWindDB|Categories|MA_NorthWindDBCategories|1|||Name||Source DB|||Target DB
MA_NorthWindDB|Categories_Extract|MA_NorthWindDBCategories_Extract|2|||row 251 (no name)||MA_NorthWindDB|||Stagingcontainer
MA_NorthWindDB|Customers|MA_NorthWindDBCustomers|3|||PreStage to Stage||Stagingcontainer|||Rationalisatie_centralDB
MA_NorthWindDB|Customers_Extract|MA_NorthWindDBCustomers_Extract|4|||Rename Stage||Rationalisatie_centralDB|||Rationalisatie_centralDB
MA_NorthWindDB|Employees|MA_NorthWindDBEmployees|5|||Stage to DWH||Rationalisatie_centralDB|||MA_DemoDB_01
MA_NorthWindDB|Employees_Extract|MA_NorthWindDBEmployees_Extract|6|||DWH to Mart||MA_DemoDB_01|||MA_DemoDM01
MA_NorthWindDB|EmployeeTerritories|MA_NorthWindDBEmployeeTerritories|7|||PQ lineage||MA_DemoDM01|||Report
MA_NorthWindDB|EmployeeTerritories_Extract|MA_NorthWindDBEmployeeTerritories_Extract|8||||||||
MA_NorthWindDB|Order_Details_Order_AGGR|MA_NorthWindDBOrder_Details_Order_AGGR|9||||||||
MA_NorthWindDB|Order_Details_Product_AGGR|MA_NorthWindDBOrder_Details_Product_AGGR|10||||||||
MA_NorthWindDB|Order_Details_Extract|MA_NorthWindDBOrder_Details_Extract|11||||||||
MA_NorthWindDB|Order_Details_1996_Extract|MA_NorthWindDBOrder_Details_1996_Extract|12||||||||
MA_NorthWindDB|Order_Details_1997_Extract|MA_NorthWindDBOrder_Details_1997_Extract|13||||||||
MA_NorthWindDB|Order_Details_1998_Extract|MA_NorthWindDBOrder_Details_1998_Extract|14||||||||
MA_NorthWindDB|Orders|MA_NorthWindDBOrders|15||||||||
MA_NorthWindDB|Orders_1996_Extract|MA_NorthWindDBOrders_1996_Extract|16||||||||
MA_NorthWindDB|Orders_1997_Extract|MA_NorthWindDBOrders_1997_Extract|17||||||||
MA_NorthWindDB|Orders_1998_Extract|MA_NorthWindDBOrders_1998_Extract|18||||||||
MA_NorthWindDB|Orders_Extract|MA_NorthWindDBOrders_Extract|19||||||||
MA_NorthWindDB|Products|MA_NorthWindDBProducts|20||||||||
MA_NorthWindDB|Products_Extract|MA_NorthWindDBProducts_Extract|21||||||||
MA_NorthWindDB|Region|MA_NorthWindDBRegion|22||||||||
MA_NorthWindDB|Region_Extract|MA_NorthWindDBRegion_Extract|23||||||||
MA_NorthWindDB|Shippers|MA_NorthWindDBShippers|24||||||||
MA_NorthWindDB|Shippers_Extract|MA_NorthWindDBShippers_Extract|25||||||||
MA_NorthWindDB|Suppliers|MA_NorthWindDBSuppliers|26||||||||
MA_NorthWindDB|Suppliers_Extract|MA_NorthWindDBSuppliers_Extract|27||||||||
MA_NorthWindDB|Territories|MA_NorthWindDBTerritories|28||||||||
MA_NorthWindDB|Territories_Extract|MA_NorthWindDBTerritories_Extract|29||||||||
MA_NorthWindDB|Categories_Extract.csv|MA_NorthWindDBCategories_Extract.csv|30||||||||
MA_NorthWindDB|Customers_Extract.csv|MA_NorthWindDBCustomers_Extract.csv|31||||||||
MA_NorthWindDB|Employees_Extract.csv|MA_NorthWindDBEmployees_Extract.csv|32||||||||
MA_NorthWindDB|EmployeeTerritories_Extract.csv|MA_NorthWindDBEmployeeTerritories_Extract.csv|33||||||||
MA_NorthWindDB|Order_Details_Extract.csv|MA_NorthWindDBOrder_Details_Extract.csv|34||||||||
MA_NorthWindDB|Order_Details_1996_Extract.csv|MA_NorthWindDBOrder_Details_1996_Extract.csv|35||||||||
MA_NorthWindDB|Order_Details_1997_Extract.csv|MA_NorthWindDBOrder_Details_1997_Extract.csv|36||||||||
MA_NorthWindDB|Order_Details_1998_Extract.csv|MA_NorthWindDBOrder_Details_1998_Extract.csv|37||||||||
MA_NorthWindDB|Orders_1996_Extract.csv|MA_NorthWindDBOrders_1996_Extract.csv|38||||||||
MA_NorthWindDB|Orders_1997_Extract.csv|MA_NorthWindDBOrders_1997_Extract.csv|39||||||||
MA_NorthWindDB|Orders_1998_Extract.csv|MA_NorthWindDBOrders_1998_Extract.csv|40||||||||
MA_NorthWindDB|Orders_Extract.csv|MA_NorthWindDBOrders_Extract.csv|41||||||||
MA_NorthWindDB|Products_Extract.csv|MA_NorthWindDBProducts_Extract.csv|42||||||||
MA_NorthWindDB|Region_Extract.csv|MA_NorthWindDBRegion_Extract.csv|43||||||||
MA_NorthWindDB|Shippers_Extract.csv|MA_NorthWindDBShippers_Extract.csv|44||||||||
MA_NorthWindDB|Suppliers_Extract.csv|MA_NorthWindDBSuppliers_Extract.csv|45||||||||
MA_NorthWindDB|Territories_Extract.csv|MA_NorthWindDBTerritories_Extract.csv|46||||||||
MA_NorthWindDB|DIM_Supplier|MA_NorthWindDBDIM_Supplier|47||||||||
MA_NorthWindDB|DIM_Product|MA_NorthWindDBDIM_Product|48||||||||
MA_NorthWindDB|DIM_Customer|MA_NorthWindDBDIM_Customer|49||||||||
MA_NorthWindDB|DIM_Employee|MA_NorthWindDBDIM_Employee|50||||||||
MA_NorthWindDB|FCT_Order|MA_NorthWindDBFCT_Order|51||||||||
MA_NorthWindDB|DIM_Time|MA_NorthWindDBDIM_Time|52||||||||
HC|HC_Date_Table|HCHC_Date_Table|53||||||||
HC|HC_001|HCHC_001|54||||||||
HC|HC_002|HCHC_002|55||||||||
HC|HC_003|HCHC_003|56||||||||
HC|HC_004|HCHC_004|57||||||||
Stagingcontainer|[Order Details]|Stagingcontainer[Order Details]|58||||||||
Stagingcontainer|Categories|StagingcontainerCategories|59||||||||
Stagingcontainer|Categories_Extract|StagingcontainerCategories_Extract|60||||||||
Stagingcontainer|Customers|StagingcontainerCustomers|61||||||||
Stagingcontainer|Customers_Extract|StagingcontainerCustomers_Extract|62||||||||
Stagingcontainer|Employees|StagingcontainerEmployees|63||||||||
Stagingcontainer|Employees_Extract|StagingcontainerEmployees_Extract|64||||||||
Stagingcontainer|EmployeeTerritories|StagingcontainerEmployeeTerritories|65||||||||
Stagingcontainer|EmployeeTerritories_Extract|StagingcontainerEmployeeTerritories_Extract|66||||||||
Stagingcontainer|Order_Details_Order_AGGR|StagingcontainerOrder_Details_Order_AGGR|67||||||||
Stagingcontainer|Order_Details_Product_AGGR|StagingcontainerOrder_Details_Product_AGGR|68||||||||
Stagingcontainer|Order_Details_Extract|StagingcontainerOrder_Details_Extract|69||||||||
Stagingcontainer|Order_Details_1996_Extract|StagingcontainerOrder_Details_1996_Extract|70||||||||
Stagingcontainer|Order_Details_1997_Extract|StagingcontainerOrder_Details_1997_Extract|71||||||||
Stagingcontainer|Order_Details_1998_Extract|StagingcontainerOrder_Details_1998_Extract|72||||||||
Stagingcontainer|Orders|StagingcontainerOrders|73||||||||
Stagingcontainer|Orders_1996_Extract|StagingcontainerOrders_1996_Extract|74||||||||
Stagingcontainer|Orders_1997_Extract|StagingcontainerOrders_1997_Extract|75||||||||
Stagingcontainer|Orders_1998_Extract|StagingcontainerOrders_1998_Extract|76||||||||
Stagingcontainer|Orders_Extract|StagingcontainerOrders_Extract|77||||||||
Stagingcontainer|Products|StagingcontainerProducts|78||||||||
Stagingcontainer|Products_Extract|StagingcontainerProducts_Extract|79||||||||
Stagingcontainer|Region|StagingcontainerRegion|80||||||||
Stagingcontainer|Region_Extract|StagingcontainerRegion_Extract|81||||||||
Stagingcontainer|Shippers|StagingcontainerShippers|82||||||||
Stagingcontainer|Shippers_Extract|StagingcontainerShippers_Extract|83||||||||
Stagingcontainer|Suppliers|StagingcontainerSuppliers|84||||||||
Stagingcontainer|Suppliers_Extract|StagingcontainerSuppliers_Extract|85||||||||
Stagingcontainer|Territories|StagingcontainerTerritories|86||||||||
Stagingcontainer|Territories_Extract|StagingcontainerTerritories_Extract|87||||||||
Stagingcontainer|Categories_Extract.csv|StagingcontainerCategories_Extract.csv|88||||||||
Stagingcontainer|Customers_Extract.csv|StagingcontainerCustomers_Extract.csv|89||||||||
Stagingcontainer|Employees_Extract.csv|StagingcontainerEmployees_Extract.csv|90||||||||
Stagingcontainer|EmployeeTerritories_Extract.csv|StagingcontainerEmployeeTerritories_Extract.csv|91||||||||
Stagingcontainer|Order_Details_Extract.csv|StagingcontainerOrder_Details_Extract.csv|92||||||||
Stagingcontainer|Order_Details_1996_Extract.csv|StagingcontainerOrder_Details_1996_Extract.csv|93||||||||
Stagingcontainer|Order_Details_1997_Extract.csv|StagingcontainerOrder_Details_1997_Extract.csv|94||||||||
Stagingcontainer|Order_Details_1998_Extract.csv|StagingcontainerOrder_Details_1998_Extract.csv|95||||||||
Stagingcontainer|Orders_1996_Extract.csv|StagingcontainerOrders_1996_Extract.csv|96||||||||
Stagingcontainer|Orders_1997_Extract.csv|StagingcontainerOrders_1997_Extract.csv|97||||||||
Stagingcontainer|Orders_1998_Extract.csv|StagingcontainerOrders_1998_Extract.csv|98||||||||
Stagingcontainer|Orders_Extract.csv|StagingcontainerOrders_Extract.csv|99||||||||
Stagingcontainer|Products_Extract.csv|StagingcontainerProducts_Extract.csv|100||||||||
Stagingcontainer|Region_Extract.csv|StagingcontainerRegion_Extract.csv|101||||||||
Stagingcontainer|Shippers_Extract.csv|StagingcontainerShippers_Extract.csv|102||||||||
Stagingcontainer|Suppliers_Extract.csv|StagingcontainerSuppliers_Extract.csv|103||||||||
Stagingcontainer|Territories_Extract.csv|StagingcontainerTerritories_Extract.csv|104||||||||
Stagingcontainer|DIM_Supplier|StagingcontainerDIM_Supplier|105||||||||
Stagingcontainer|DIM_Product|StagingcontainerDIM_Product|106||||||||
Stagingcontainer|DIM_Customer|StagingcontainerDIM_Customer|107||||||||
Stagingcontainer|DIM_Employee|StagingcontainerDIM_Employee|108||||||||
Stagingcontainer|FCT_Order|StagingcontainerFCT_Order|109||||||||
Stagingcontainer|DIM_Time|StagingcontainerDIM_Time|110||||||||
Rationalisatie_centralDB|[Order Details]|Rationalisatie_centralDB[Order Details]|111||||||||
Rationalisatie_centralDB|Categories|Rationalisatie_centralDBCategories|112||||||||
Rationalisatie_centralDB|Categories_Extract|Rationalisatie_centralDBCategories_Extract|113||||||||
Rationalisatie_centralDB|Customers|Rationalisatie_centralDBCustomers|114||||||||
Rationalisatie_centralDB|Customers_Extract|Rationalisatie_centralDBCustomers_Extract|115||||||||
Rationalisatie_centralDB|Employees|Rationalisatie_centralDBEmployees|116||||||||
Rationalisatie_centralDB|Employees_Extract|Rationalisatie_centralDBEmployees_Extract|117||||||||
Rationalisatie_centralDB|EmployeeTerritories|Rationalisatie_centralDBEmployeeTerritories|118||||||||
Rationalisatie_centralDB|EmployeeTerritories_Extract|Rationalisatie_centralDBEmployeeTerritories_Extract|119||||||||
Rationalisatie_centralDB|Order_Details_Order_AGGR|Rationalisatie_centralDBOrder_Details_Order_AGGR|120||||||||
Rationalisatie_centralDB|Order_Details_Product_AGGR|Rationalisatie_centralDBOrder_Details_Product_AGGR|121||||||||
Rationalisatie_centralDB|Order_Details_Extract|Rationalisatie_centralDBOrder_Details_Extract|122||||||||
Rationalisatie_centralDB|Order_Details_1996_Extract|Rationalisatie_centralDBOrder_Details_1996_Extract|123||||||||
Rationalisatie_centralDB|Order_Details_1997_Extract|Rationalisatie_centralDBOrder_Details_1997_Extract|124||||||||
Rationalisatie_centralDB|Order_Details_1998_Extract|Rationalisatie_centralDBOrder_Details_1998_Extract|125||||||||
Rationalisatie_centralDB|Orders|Rationalisatie_centralDBOrders|126||||||||
Rationalisatie_centralDB|Orders_1996_Extract|Rationalisatie_centralDBOrders_1996_Extract|127||||||||
Rationalisatie_centralDB|Orders_1997_Extract|Rationalisatie_centralDBOrders_1997_Extract|128||||||||
Rationalisatie_centralDB|Orders_1998_Extract|Rationalisatie_centralDBOrders_1998_Extract|129||||||||
Rationalisatie_centralDB|Orders_Extract|Rationalisatie_centralDBOrders_Extract|130||||||||
Rationalisatie_centralDB|Products|Rationalisatie_centralDBProducts|131||||||||
Rationalisatie_centralDB|Products_Extract|Rationalisatie_centralDBProducts_Extract|132||||||||
Rationalisatie_centralDB|Region|Rationalisatie_centralDBRegion|133||||||||
Rationalisatie_centralDB|Region_Extract|Rationalisatie_centralDBRegion_Extract|134||||||||
Rationalisatie_centralDB|Shippers|Rationalisatie_centralDBShippers|135||||||||
Rationalisatie_centralDB|Shippers_Extract|Rationalisatie_centralDBShippers_Extract|136||||||||
Rationalisatie_centralDB|Suppliers|Rationalisatie_centralDBSuppliers|137||||||||
Rationalisatie_centralDB|Suppliers_Extract|Rationalisatie_centralDBSuppliers_Extract|138||||||||
Rationalisatie_centralDB|Territories|Rationalisatie_centralDBTerritories|139||||||||
Rationalisatie_centralDB|Territories_Extract|Rationalisatie_centralDBTerritories_Extract|140||||||||
Rationalisatie_centralDB|Categories_Extract.csv|Rationalisatie_centralDBCategories_Extract.csv|141||||||||
Rationalisatie_centralDB|Customers_Extract.csv|Rationalisatie_centralDBCustomers_Extract.csv|142||||||||
Rationalisatie_centralDB|Employees_Extract.csv|Rationalisatie_centralDBEmployees_Extract.csv|143||||||||
Rationalisatie_centralDB|EmployeeTerritories_Extract.csv|Rationalisatie_centralDBEmployeeTerritories_Extract.csv|144||||||||
Rationalisatie_centralDB|Order_Details_Extract.csv|Rationalisatie_centralDBOrder_Details_Extract.csv|145||||||||
Rationalisatie_centralDB|Order_Details_1996_Extract.csv|Rationalisatie_centralDBOrder_Details_1996_Extract.csv|146||||||||
Rationalisatie_centralDB|Order_Details_1997_Extract.csv|Rationalisatie_centralDBOrder_Details_1997_Extract.csv|147||||||||
Rationalisatie_centralDB|Order_Details_1998_Extract.csv|Rationalisatie_centralDBOrder_Details_1998_Extract.csv|148||||||||
Rationalisatie_centralDB|Orders_1996_Extract.csv|Rationalisatie_centralDBOrders_1996_Extract.csv|149||||||||
Rationalisatie_centralDB|Orders_1997_Extract.csv|Rationalisatie_centralDBOrders_1997_Extract.csv|150||||||||
Rationalisatie_centralDB|Orders_1998_Extract.csv|Rationalisatie_centralDBOrders_1998_Extract.csv|151||||||||
Rationalisatie_centralDB|Orders_Extract.csv|Rationalisatie_centralDBOrders_Extract.csv|152||||||||
Rationalisatie_centralDB|Products_Extract.csv|Rationalisatie_centralDBProducts_Extract.csv|153||||||||
Rationalisatie_centralDB|Region_Extract.csv|Rationalisatie_centralDBRegion_Extract.csv|154||||||||
Rationalisatie_centralDB|Shippers_Extract.csv|Rationalisatie_centralDBShippers_Extract.csv|155||||||||
Rationalisatie_centralDB|Suppliers_Extract.csv|Rationalisatie_centralDBSuppliers_Extract.csv|156||||||||
Rationalisatie_centralDB|Territories_Extract.csv|Rationalisatie_centralDBTerritories_Extract.csv|157||||||||
Rationalisatie_centralDB|DIM_Supplier|Rationalisatie_centralDBDIM_Supplier|158||||||||
Rationalisatie_centralDB|DIM_Product|Rationalisatie_centralDBDIM_Product|159||||||||
Rationalisatie_centralDB|DIM_Customer|Rationalisatie_centralDBDIM_Customer|160||||||||
Rationalisatie_centralDB|DIM_Employee|Rationalisatie_centralDBDIM_Employee|161||||||||
Rationalisatie_centralDB|FCT_Order|Rationalisatie_centralDBFCT_Order|162||||||||
Rationalisatie_centralDB|DIM_Time|Rationalisatie_centralDBDIM_Time|163||||||||
MA_DemoDB_01|[Order Details]|MA_DemoDB_01[Order Details]|164||||||||
MA_DemoDB_01|Categories|MA_DemoDB_01Categories|165||||||||
MA_DemoDB_01|Categories_Extract|MA_DemoDB_01Categories_Extract|166||||||||
MA_DemoDB_01|Customers|MA_DemoDB_01Customers|167||||||||
MA_DemoDB_01|Customers_Extract|MA_DemoDB_01Customers_Extract|168||||||||
MA_DemoDB_01|Employees|MA_DemoDB_01Employees|169||||||||
MA_DemoDB_01|Employees_Extract|MA_DemoDB_01Employees_Extract|170||||||||
MA_DemoDB_01|EmployeeTerritories|MA_DemoDB_01EmployeeTerritories|171||||||||
MA_DemoDB_01|EmployeeTerritories_Extract|MA_DemoDB_01EmployeeTerritories_Extract|172||||||||
MA_DemoDB_01|Order_Details_Order_AGGR|MA_DemoDB_01Order_Details_Order_AGGR|173||||||||
MA_DemoDB_01|Order_Details_Product_AGGR|MA_DemoDB_01Order_Details_Product_AGGR|174||||||||
MA_DemoDB_01|Order_Details_Extract|MA_DemoDB_01Order_Details_Extract|175||||||||
MA_DemoDB_01|Order_Details_1996_Extract|MA_DemoDB_01Order_Details_1996_Extract|176||||||||
MA_DemoDB_01|Order_Details_1997_Extract|MA_DemoDB_01Order_Details_1997_Extract|177||||||||
MA_DemoDB_01|Order_Details_1998_Extract|MA_DemoDB_01Order_Details_1998_Extract|178||||||||
MA_DemoDB_01|Orders|MA_DemoDB_01Orders|179||||||||
MA_DemoDB_01|Orders_1996_Extract|MA_DemoDB_01Orders_1996_Extract|180||||||||
MA_DemoDB_01|Orders_1997_Extract|MA_DemoDB_01Orders_1997_Extract|181||||||||
MA_DemoDB_01|Orders_1998_Extract|MA_DemoDB_01Orders_1998_Extract|182||||||||
MA_DemoDB_01|Orders_Extract|MA_DemoDB_01Orders_Extract|183||||||||
MA_DemoDB_01|Products|MA_DemoDB_01Products|184||||||||
MA_DemoDB_01|Products_Extract|MA_DemoDB_01Products_Extract|185||||||||
MA_DemoDB_01|Region|MA_DemoDB_01Region|186||||||||
MA_DemoDB_01|Region_Extract|MA_DemoDB_01Region_Extract|187||||||||
MA_DemoDB_01|Shippers|MA_DemoDB_01Shippers|188||||||||
MA_DemoDB_01|Shippers_Extract|MA_DemoDB_01Shippers_Extract|189||||||||
MA_DemoDB_01|Suppliers|MA_DemoDB_01Suppliers|190||||||||
MA_DemoDB_01|Suppliers_Extract|MA_DemoDB_01Suppliers_Extract|191||||||||
MA_DemoDB_01|Territories|MA_DemoDB_01Territories|192||||||||
MA_DemoDB_01|Territories_Extract|MA_DemoDB_01Territories_Extract|193||||||||
MA_DemoDB_01|Categories_Extract.csv|MA_DemoDB_01Categories_Extract.csv|194||||||||
MA_DemoDB_01|Customers_Extract.csv|MA_DemoDB_01Customers_Extract.csv|195||||||||
MA_DemoDB_01|Employees_Extract.csv|MA_DemoDB_01Employees_Extract.csv|196||||||||
MA_DemoDB_01|EmployeeTerritories_Extract.csv|MA_DemoDB_01EmployeeTerritories_Extract.csv|197||||||||
MA_DemoDB_01|Order_Details_Extract.csv|MA_DemoDB_01Order_Details_Extract.csv|198||||||||
MA_DemoDB_01|Order_Details_1996_Extract.csv|MA_DemoDB_01Order_Details_1996_Extract.csv|199||||||||
MA_DemoDB_01|Order_Details_1997_Extract.csv|MA_DemoDB_01Order_Details_1997_Extract.csv|200||||||||
MA_DemoDB_01|Order_Details_1998_Extract.csv|MA_DemoDB_01Order_Details_1998_Extract.csv|201||||||||
MA_DemoDB_01|Orders_1996_Extract.csv|MA_DemoDB_01Orders_1996_Extract.csv|202||||||||
MA_DemoDB_01|Orders_1997_Extract.csv|MA_DemoDB_01Orders_1997_Extract.csv|203||||||||
MA_DemoDB_01|Orders_1998_Extract.csv|MA_DemoDB_01Orders_1998_Extract.csv|204||||||||
MA_DemoDB_01|Orders_Extract.csv|MA_DemoDB_01Orders_Extract.csv|205||||||||
MA_DemoDB_01|Products_Extract.csv|MA_DemoDB_01Products_Extract.csv|206||||||||
MA_DemoDB_01|Region_Extract.csv|MA_DemoDB_01Region_Extract.csv|207||||||||
MA_DemoDB_01|Shippers_Extract.csv|MA_DemoDB_01Shippers_Extract.csv|208||||||||
MA_DemoDB_01|Suppliers_Extract.csv|MA_DemoDB_01Suppliers_Extract.csv|209||||||||
MA_DemoDB_01|Territories_Extract.csv|MA_DemoDB_01Territories_Extract.csv|210||||||||
MA_DemoDB_01|DIM_Supplier|MA_DemoDB_01DIM_Supplier|211||||||||
MA_DemoDB_01|DIM_Product|MA_DemoDB_01DIM_Product|212||||||||
MA_DemoDB_01|DIM_Customer|MA_DemoDB_01DIM_Customer|213||||||||
MA_DemoDB_01|DIM_Employee|MA_DemoDB_01DIM_Employee|214||||||||
MA_DemoDB_01|FCT_Order|MA_DemoDB_01FCT_Order|215||||||||
MA_DemoDB_01|DIM_Time|MA_DemoDB_01DIM_Time|216||||||||
MA_DemoDM01|[Order Details]|MA_DemoDM01[Order Details]|217||||||||
MA_DemoDM01|Categories|MA_DemoDM01Categories|218||||||||
MA_DemoDM01|Categories_Extract|MA_DemoDM01Categories_Extract|219||||||||
MA_DemoDM01|Customers|MA_DemoDM01Customers|220||||||||
MA_DemoDM01|Customers_Extract|MA_DemoDM01Customers_Extract|221||||||||
MA_DemoDM01|Employees|MA_DemoDM01Employees|222||||||||
MA_DemoDM01|Employees_Extract|MA_DemoDM01Employees_Extract|223||||||||
MA_DemoDM01|EmployeeTerritories|MA_DemoDM01EmployeeTerritories|224||||||||
MA_DemoDM01|EmployeeTerritories_Extract|MA_DemoDM01EmployeeTerritories_Extract|225||||||||
MA_DemoDM01|Order_Details_Order_AGGR|MA_DemoDM01Order_Details_Order_AGGR|226||||||||
MA_DemoDM01|Order_Details_Product_AGGR|MA_DemoDM01Order_Details_Product_AGGR|227||||||||
MA_DemoDM01|Order_Details_Extract|MA_DemoDM01Order_Details_Extract|228||||||||
MA_DemoDM01|Order_Details_1996_Extract|MA_DemoDM01Order_Details_1996_Extract|229||||||||
MA_DemoDM01|Order_Details_1997_Extract|MA_DemoDM01Order_Details_1997_Extract|230||||||||
MA_DemoDM01|Order_Details_1998_Extract|MA_DemoDM01Order_Details_1998_Extract|231||||||||
MA_DemoDM01|Orders|MA_DemoDM01Orders|232||||||||
MA_DemoDM01|Orders_1996_Extract|MA_DemoDM01Orders_1996_Extract|233||||||||
MA_DemoDM01|Orders_1997_Extract|MA_DemoDM01Orders_1997_Extract|234||||||||
MA_DemoDM01|Orders_1998_Extract|MA_DemoDM01Orders_1998_Extract|235||||||||
MA_DemoDM01|Orders_Extract|MA_DemoDM01Orders_Extract|236||||||||
MA_DemoDM01|Products|MA_DemoDM01Products|237||||||||
MA_DemoDM01|Products_Extract|MA_DemoDM01Products_Extract|238||||||||
MA_DemoDM01|Region|MA_DemoDM01Region|239||||||||
MA_DemoDM01|Region_Extract|MA_DemoDM01Region_Extract|240||||||||
MA_DemoDM01|Shippers|MA_DemoDM01Shippers|241||||||||
MA_DemoDM01|Shippers_Extract|MA_DemoDM01Shippers_Extract|242||||||||
MA_DemoDM01|Suppliers|MA_DemoDM01Suppliers|243||||||||
MA_DemoDM01|Suppliers_Extract|MA_DemoDM01Suppliers_Extract|244||||||||
MA_DemoDM01|Territories|MA_DemoDM01Territories|245||||||||
MA_DemoDM01|Territories_Extract|MA_DemoDM01Territories_Extract|246||||||||
MA_DemoDM01|Categories_Extract.csv|MA_DemoDM01Categories_Extract.csv|247||||||||
MA_DemoDM01|Customers_Extract.csv|MA_DemoDM01Customers_Extract.csv|248||||||||
MA_DemoDM01|Employees_Extract.csv|MA_DemoDM01Employees_Extract.csv|249||||||||
MA_DemoDM01|EmployeeTerritories_Extract.csv|MA_DemoDM01EmployeeTerritories_Extract.csv|250||||||||
MA_DemoDM01|Order_Details_Extract.csv|MA_DemoDM01Order_Details_Extract.csv|251||||||||
MA_DemoDM01|Order_Details_1996_Extract.csv|MA_DemoDM01Order_Details_1996_Extract.csv|252||||||||
MA_DemoDM01|Order_Details_1997_Extract.csv|MA_DemoDM01Order_Details_1997_Extract.csv|253||||||||
MA_DemoDM01|Order_Details_1998_Extract.csv|MA_DemoDM01Order_Details_1998_Extract.csv|254||||||||
MA_DemoDM01|Orders_1996_Extract.csv|MA_DemoDM01Orders_1996_Extract.csv|255||||||||
MA_DemoDM01|Orders_1997_Extract.csv|MA_DemoDM01Orders_1997_Extract.csv|256||||||||
MA_DemoDM01|Orders_1998_Extract.csv|MA_DemoDM01Orders_1998_Extract.csv|257||||||||
MA_DemoDM01|Orders_Extract.csv|MA_DemoDM01Orders_Extract.csv|258||||||||
MA_DemoDM01|Products_Extract.csv|MA_DemoDM01Products_Extract.csv|259||||||||
MA_DemoDM01|Region_Extract.csv|MA_DemoDM01Region_Extract.csv|260||||||||
MA_DemoDM01|Shippers_Extract.csv|MA_DemoDM01Shippers_Extract.csv|261||||||||
MA_DemoDM01|Suppliers_Extract.csv|MA_DemoDM01Suppliers_Extract.csv|262||||||||
MA_DemoDM01|Territories_Extract.csv|MA_DemoDM01Territories_Extract.csv|263||||||||
MA_DemoDM01|DIM_Supplier|MA_DemoDM01DIM_Supplier|264||||||||
MA_DemoDM01|DIM_Product|MA_DemoDM01DIM_Product|265||||||||
MA_DemoDM01|DIM_Customer|MA_DemoDM01DIM_Customer|266||||||||
MA_DemoDM01|DIM_Employee|MA_DemoDM01DIM_Employee|267||||||||
MA_DemoDM01|FCT_Order|MA_DemoDM01FCT_Order|268||||||||
MA_DemoDM01|DIM_Time|MA_DemoDM01DIM_Time|269||||||||
Report|[Order Details]|Report[Order Details]|270||||||||
Report|Categories|ReportCategories|271||||||||
Report|Categories_Extract|ReportCategories_Extract|272||||||||
Report|Customers|ReportCustomers|273||||||||
Report|Customers_Extract|ReportCustomers_Extract|274||||||||
Report|Employees|ReportEmployees|275||||||||
Report|Employees_Extract|ReportEmployees_Extract|276||||||||
Report|EmployeeTerritories|ReportEmployeeTerritories|277||||||||
Report|EmployeeTerritories_Extract|ReportEmployeeTerritories_Extract|278||||||||
Report|Order_Details_Order_AGGR|ReportOrder_Details_Order_AGGR|279||||||||
Report|Order_Details_Product_AGGR|ReportOrder_Details_Product_AGGR|280||||||||
Report|Order_Details_Extract|ReportOrder_Details_Extract|281||||||||
Report|Order_Details_1996_Extract|ReportOrder_Details_1996_Extract|282||||||||
Report|Order_Details_1997_Extract|ReportOrder_Details_1997_Extract|283||||||||
Report|Order_Details_1998_Extract|ReportOrder_Details_1998_Extract|284||||||||
Report|Orders|ReportOrders|285||||||||
Report|Orders_1996_Extract|ReportOrders_1996_Extract|286||||||||
Report|Orders_1997_Extract|ReportOrders_1997_Extract|287||||||||
Report|Orders_1998_Extract|ReportOrders_1998_Extract|288||||||||
Report|Orders_Extract|ReportOrders_Extract|289||||||||
Report|Products|ReportProducts|290||||||||
Report|Products_Extract|ReportProducts_Extract|291||||||||
Report|Region|ReportRegion|292||||||||
Report|Region_Extract|ReportRegion_Extract|293||||||||
Report|Shippers|ReportShippers|294||||||||
Report|Shippers_Extract|ReportShippers_Extract|295||||||||
Report|Suppliers|ReportSuppliers|296||||||||
Report|Suppliers_Extract|ReportSuppliers_Extract|297||||||||
Report|Territories|ReportTerritories|298||||||||
Report|Territories_Extract|ReportTerritories_Extract|299||||||||
Report|Categories_Extract.csv|ReportCategories_Extract.csv|300||||||||
Report|Customers_Extract.csv|ReportCustomers_Extract.csv|301||||||||
Report|Employees_Extract.csv|ReportEmployees_Extract.csv|302||||||||
Report|EmployeeTerritories_Extract.csv|ReportEmployeeTerritories_Extract.csv|303||||||||
Report|Order_Details_Extract.csv|ReportOrder_Details_Extract.csv|304||||||||
Report|Order_Details_1996_Extract.csv|ReportOrder_Details_1996_Extract.csv|305||||||||
Report|Order_Details_1997_Extract.csv|ReportOrder_Details_1997_Extract.csv|306||||||||
Report|Order_Details_1998_Extract.csv|ReportOrder_Details_1998_Extract.csv|307||||||||
Report|Orders_1996_Extract.csv|ReportOrders_1996_Extract.csv|308||||||||
Report|Orders_1997_Extract.csv|ReportOrders_1997_Extract.csv|309||||||||
Report|Orders_1998_Extract.csv|ReportOrders_1998_Extract.csv|310||||||||
Report|Orders_Extract.csv|ReportOrders_Extract.csv|311||||||||
Report|Products_Extract.csv|ReportProducts_Extract.csv|312||||||||
Report|Region_Extract.csv|ReportRegion_Extract.csv|313||||||||
Report|Shippers_Extract.csv|ReportShippers_Extract.csv|314||||||||
Report|Suppliers_Extract.csv|ReportSuppliers_Extract.csv|315||||||||
Report|Territories_Extract.csv|ReportTerritories_Extract.csv|316||||||||
Report|DIM_Supplier|ReportDIM_Supplier|317||||||||
Report|DIM_Product|ReportDIM_Product|318||||||||
Report|DIM_Customer|ReportDIM_Customer|319||||||||
Report|DIM_Employee|ReportDIM_Employee|320||||||||
Report|FCT_Order|ReportFCT_Order|321||||||||
Report|DIM_Time|ReportDIM_Time|322||||||||
Reference|global_customerID_extract.csv|Referenceglobal_customerID_extract.csv|323||||||||
Reference|Reference_Time_Dimensions.csv|ReferenceReference_Time_Dimensions.csv|324||||||||
Reference|Reftable_Currency_Country.csv|ReferenceReftable_Currency_Country.csv|325||||||||
Reference|Reftable_Supplier_Discount.csv|ReferenceReftable_Supplier_Discount.csv|326||||||||
Reference|Reftable_zip_USA.csv|ReferenceReftable_zip_USA.csv|327||||||||
Report|Latest_Time|ReportLatest_Time|328||||||||
Report|Country_Overview|ReportCountry_Overview|329||||||||
Report|Top5_Employees_Per_Product_Latest_Quarter|ReportTop5_Employees_Per_Product_Latest_Quarter|330||||||||
Report|Top5_Employees_Per_Order_Price_Latest_Month|ReportTop5_Employees_Per_Order_Price_Latest_Month|331||||||||
Report|Top5_Employees_Per_Customer_Quantity_Latest_Year|ReportTop5_Employees_Per_Customer_Quantity_Latest_Year|332||||||||
Report|Shipment_Overview|ReportShipment_Overview|333||||||||
|||||||||||
|||||||||||
|||||||||||
|||||||||||
|||||||||||
|||||||||||
|||||||||||
|||||||||||
|||||||||||
|||||||||||
|||||||||||
|||||||||||
|||||||||||
|||||||||||
|||||||||||
|||||||||||
|||||||||||
|||||||||||
|||||||||||
|||||||||||
|||||||||||
|||||||||||
|||||||||||
|||||||||||
|||||||||||
|||||||||||
|||||||||||
|||||||||||
|||||||||||
|||||||||||
|||||||||||
|||||||||||
|||||||||||
|||||||||||
|||||||||||
|||||||||||
|||||||||||
|||||||||||
|||||||||||
|||||||||||
|||||||||||
|||||||||||
|||||||||||
|||||||||||
|||||||||||
|||||||||||
|||||||||||
|||||||||||
|||||||||||
|||||||||||
|||||||||||
|||||||||||
|||||||||||
|||||||||||
|||||||||||
|||||||||||
|||||||||||
|||||||||||
|||||||||||
|||||||||||
|||||||||||
|||||||||||
|||||||||||
|||||||||||
|||||||||||
|||||||||||
|||||||||||
|||||||||||
|||||||||||
|||||||||||
|||||||||||
|||||||||||
|||||||||||
|||||||||||
|||||||||||
|||||||||||
|||||||||||
|||||||||||
|||||||||||
|||||||||||
|||||||||||
|||||||||||
|||||||||||
|||||||||||
|||||||||||
|||||||||||
|||||||||||
|||||||||||
|||||||||||
|||||||||||
|||||||||||
|||||||||||
|||||||||||
|||||||||||
|||||||||||
|||||||||||
|||||||||||
|||||||||||
|||||||||||
|||||||||||
|||||||||||
|||||||||||
|||||||||||
|||||||||||
|||||||||||
|||||||||||
|||||||||||
|||||||||||
|||||||||||
|||||||||||
|||||||||||
|||||||||||
|||||||||||
|||||||||||
|||||||||||
|||||||||||
|||||||||||
|||||||||||
|||||||||||
|||||||||||
|||||||||||
|||||||||||
|||||||||||
|||||||||||
|||||||||||
|||||||||||
|||||||||||
|||||||||||
|||||||||||
|||||||||||
|||||||||||
|||||||||||
|||||||||||
|||||||||||
|||||||||||
|||||||||||
|||||||||||
|||||||||||
|||||||||||
|||||||||||
|||||||||||
|||||||||||
|||||||||||
|||||||||||
|||||||||||
|||||||||||
|||||||||||
|||||||||||
|||||||||||
|||||||||||
|||||||||||
|||||||||||
|||||||||||
|||||||||||
|||||||||||
|||||||||||
|||||||||||
|||||||||||
|||||||||||
|||||||||||
|||||||||||
|||||||||||
|||||||||||
|||||||||||
|||||||||||
|||||||||||
|||||||||||
|||||||||||
|||||||||||
|||||||||||
|||||||||||
|||||||||||
|||||||||||
|||||||||||
|||||||||||
|||||||||||
|||||||||||
|||||||||||
|||||||||||
|||||||||||
|||||||||||
|||||||||||
|||||||||||
|||||||||||
|||||||||||
|||||||||||
|||||||||||
|||||||||||
|||||||||||
|||||||||||
|||||||||||
|||||||||||
|||||||||||
|||||||||||
|||||||||||
|||||||||||
|||||||||||
|||||||||||
|||||||||||
|||||||||||
|||||||||||
|||||||||||
|||||||||||
|||||||||||
|||||||||||
|||||||||||
|||||||||||
|||||||||||
|||||||||||
|||||||||||
|||||||||||
|||||||||||
|||||||||||
|||||||||||
|||||||||||
|||||||||||
|||||||||||
|||||||||||
|||||||||||
|||||||||||
|||||||||||
|||||||||||
|||||||||||
|||||||||||
|||||||||||
|||||||||||
|||||||||||
|||||||||||
|||||||||||
|||||||||||
|||||||||||
|||||||||||
|||||||||||
|||||||||||
|||||||||||
|||||||||||
|||||||||||
|||||||||||
|||||||||||
|||||||||||
|||||||||||
|||||||||||
|||||||||||
|||||||||||
|||||||||||
|||||||||||
|||||||||||
|||||||||||
|||||||||||
|||||||||||
|||||||||||
|||||||||||
|||||||||||
|||||||||||
|||||||||||
|||||||||||
|||||||||||
|||||||||||
|||||||||||
